dfadfa,asfa,asfasf,asfas,sfa,asfa,asfa,asfa
Megan,,,,,,,
Megan,Carter,EMP001,12/7/1973,Middletonstad,WV,56303,deborah33@example.org
Luis,Sweeney,EMP002,9/2/1992,Kellytown,CT,74076,johnsonjustin@example.com
Megan,Carter,EMP001,12/7/1973,Middletonstad,WV,56303,deborah33@example.org
Luis,Sweeney,EMP002,9/2/1992,Kellytown,CT,74076,johnsonjustin@example.com
Scott,Flynn,EMP003,01/17/1986,Lake William,MT,43351,pkent@example.org
Karen,Harris,EMP004,3/2/2003,Sierraberg,MO,32945,wspence@example.com
Holly,Schwartz,EMP005,08/25/1989,South Donaldstad,FL,65242,donaldfitzgerald@example.com
Adam,Jones,EMP006,4/6/1990,Lake Angela,WA,73759,morgantony@example.net
Brandon,Jordan,EMP007,6/11/1969,Juliefort,VT,6899,jacksoncraig@example.net
Alice,Woods,EMP008,04/24/1969,Donaldburgh,NY,66650,zyoung@example.net
Megan,Carter,EMP001,12/7/1973,Middletonstad,WV,56303,deborah33@example.org
Luis,Sweeney,EMP002,9/2/1992,Kellytown,CT,74076,johnsonjustin@example.com
Megan,Carter,EMP001,12/7/1973,Middletonstad,WV,56303,deborah33@example.org
Luis,Sweeney,EMP002,9/2/1992,Kellytown,CT,74076,johnsonjustin@example.com
Megan,Carter,12/7/1973,12/7/1973,Middletonstad,WV,56303,deborah33@example.org
Megan,Carter,EMP001,12/7/1973,Middletonstad,WV,56303,deborah33@example.org
Megan,Carter,EMP001,12/7/1973,Middletonstad,WV,56303,deborah33@example.org
Luis,Sweeney,EMP002,9/2/1992,Kellytown,CT,74076,johnsonjustin@example.com
Megan,Carter,EMP001,12/7/1973,Middletonstad,WV,56303,deborah33@example.org
Luis,Sweeney,EMP002,9/2/1992,Kellytown,CT,74076,johnsonjustin@example.com
Megan,Carter,EMP001,12/7/1973,Middletonstad,WV,56303,deborah33@example.org
Megan,Carter,EMP001,12/7/1973,Middletonstad,WV,56303,deborah33@example.org
Luis,Sweeney,EMP002,9/2/1992,Kellytown,CT,74076,johnsonjustin@example.com
Megan,Carter,EMP001,12/7/1973,Middletonstad,WV,56303,deborah33@example.org
Megan,Carter,EMP001,12/7/1973,Middletonstad,WV,56303,deborah33@example.org
Megan,Carter,EMP001,12/7/1973,Middletonstad,WV,56303,deborah33@example.org
Luis,Sweeney,EMP002,9/2/1992,Kellytown,CT,74076,johnsonjustin@example.com
